"","ta","math_grade","spanish_grade","better_at_math","mathgrade"
"1","Phuong",3.7299759398193,3.98556489401834,FALSE,NA
"2","Yunwei",4.20086873006626,3.85097229749677,TRUE,4
"3","Yubing",3.4674422377925,3.97701073039188,FALSE,NA
"4","Gavin",3.97105303418366,3.62444602238535,TRUE,NA
"5","Coco",3.20642445585914,4,FALSE,NA
"6","George",4.00566000923663,3.50712806723773,TRUE,4
"7","Saurav",3.31907312831622,4,FALSE,NA
"8","Yuyu",3.50514800152748,4,FALSE,NA
